{
  "Author": "Vueren Kuraenir",
  "Name": "Reset Camera",
  "InternalName": "ResetCamera",
  "AssemblyVersion": "1.0.0.3",
  "Description": "This plugin will reset the Camera to a saved position relative to the world, and NOT relative to the character. /rcsave /rcreset",
  "ApplicableVersion": "any",
  "Tags": [
    "camera",
    "direction",
    "utility",
    "plugin",
    "position"
  ],
  "DalamudApiLevel": 12,
  "LoadRequiredState": 0,
  "LoadSync": false,
  "CanUnloadAsync": false,
  "LoadPriority": 0,
  "IconUrl": "https://raw.githubusercontent.com/Vueren/ResetCamera/refs/heads/main/Data/worldcamera.png",
  "Punchline": "Reset the camera position relative to the world!",
  "AcceptsFeedback": true
}