{
  "Author": "Vueren Kuraenir",
  "Name": "Reset Camera",
  "InternalName": "ResetCamera",
  "AssemblyVersion": "1.0.0.0",
  "Description": "This plugin will reset the Camera to a saved position relative to the world, and NOT relative to the character. /rcsave /rcreset",
  "ApplicableVersion": "any",
  "RepoUrl": "https://github.com/Vueren/ResetCamera",
  "Tags": [
    "camera",
    "direction",
    "utility",
    "plugin",
    "position"
  ],
  "DalamudApiLevel": 9,
  "LoadRequiredState": 0,
  "LoadSync": false,
  "CanUnloadAsync": false,
  "LoadPriority": 0,
  "IconUrl": "https://github.com/Vueren/ResetCamera/blob/88c2a69b76b274ab2d0a783a7d0761822dd52799/Data/worldcamera.png",
  "Punchline": "Reset the camera position relative to the world!",
  "AcceptsFeedback": true
}