{
  "Author": "Vueren Kuraenir",
  "Name": "Reset Camera",
  "InternalName": "ResetCamera",
  "AssemblyVersion": "1.0.2.1",
  "Description": "This plugin will reset the Camera to a saved direction relative to the world, and NOT relative to the direction that the character is facing.",
  "ApplicableVersion": "any",
  "Tags": [
    "camera",
    "direction",
    "utility",
    "plugin",
    "multibox",
    "multiboxing"
  ],
  "DalamudApiLevel": 13,
  "LoadRequiredState": 0,
  "LoadSync": false,
  "CanUnloadAsync": false,
  "LoadPriority": 0,
  "IconUrl": "https://raw.githubusercontent.com/Vueren/ResetCamera/refs/heads/main/Data/worldcamera.png",
  "Punchline": "Reset the camera direction relative to the world!",
  "AcceptsFeedback": true
}